id,title,description,type,difficulty,target_reps,images,instructions,scheduled_days,is_active,created_at,category,session_slot
03beb83d-ff26-48b1-b328-209b0b8668ab,Rzuty wolne,Trening mentalny i techniczny. 100 wolnych pod presją czasu.,shooting_ft,1,100,[],"[""Stań na linii rzutów wolnych."",""Rutyna: 2 kozłowania, głęboki oddech, rzut."",""Nie spiesz się – skup na rutynie."",""Wykonaj 100 rzutów wolnych.""]","[1,2,3,4,5,6,7]",true,2026-04-08 23:24:01.943235+00,shooting,1
12f4cc65-89e1-48e3-ac87-d4ab83c708aa,Pick & roll czytanie,Pick & roll to najczęściej używana akcja w NBA. Musisz umieć ją czytać i rozgrywać z obu pozycji. Chris Paul i Deron Williams budowali kariery na perfekcyjnym P&R.,fitness,4,30,[],"[""Dribbler: kozłujesz w kierunku partnera, on ustawia screen, ty czytasz obrońcę."",""Jeśli obrońca idzie z tobą nad screenem: daj piłkę do screener na pop lub roll."",""Jeśli obrońca zostaje pod screenem: pull-up jumper z miejsca screena."",""Jeśli help defense: skip pass do otwartego strzelca na obwodzie."",""Screener: po ustawieniu screena czytaj obrońcę — roll (wbiegnij pod kosz) lub pop (wróć za łuk)."",""Ćwicz każdy wariant 10 razy — najpierw bez obrony, potem z pasywnym obrońcą."",""Komunikacja z partnerem: mów co widzisz — \""roll!\"", \""pop!\"", \""kick out!\""""]","[1,2,3,4,5,6,7]",true,2026-04-10 10:34:17.314743+00,athleticism,1
17b32dc5-e1c8-4716-b5e0-e9f0ae909e25,Midrange — post-up i fade away,"Rzuty z średniej odległości z pleców do kosza — styl Koby Bryanta. Oparcie o obrońcę, obrót i rzut. Niedoceniany element gry który wraca do łask w NBA.",shooting_2pt,4,50,[],"[""Stań tyłem do kosza na linii free throw lub pod kątem 45°."",""Symuluj przyjęcie piłki z pleców do kosza, poczuj gdzie jest obrońca."",""Pivot na stopie — obrót do rzutu, wybierz stronę słabszej ręki obrońcy."",""Fade away: przy obrocie lekko odskoczyć w tył — trudniejszy do zablokowania."",""Rzut na szczycie fade away — gdy jesteś najdalej od obrońcy."",""Ćwicz obrót w obie strony z równą częstotliwością.""]","[1,2,3,4,5,6,7]",true,2026-04-10 10:34:17.314743+00,shooting,1
2736cfda-95bf-4f5d-8dd9-777a4d10c4b0,Core stability — środek ciężkości,"Silny core to podstawa wszystkiego w koszykówce — równowaga przy kontakcie, stabilność przy rzucie, siła przy walce pod koszem. Każdy zawodnik NBA ma nieludzki core.",fitness,2,40,[],"[""Plank: 3 x 60 sekund. Ciało w linii prostej, nie unoś bioder, nie opuszczaj głowy."",""Side plank: 2 x 45 sekund każda strona — bok ciała w linii prostej."",""Dead bug: leżysz na plecach, naprzemiennie wyciągasz rękę i nogę — 15 razy każda strona."",""Russian twist z piłką: skręty tułowia trzymając piłkę — 20 skrętów."",""Pallof press (z gumą lub hantlem): trzymaj obciążenie przed klatką, nie daj się obrócić — 10 razy każda strona."",""Basketball sit-ups: siad z piłką nad głową, wstań rzucając piłkę o ścianę — 10 razy."",""Każde ćwiczenie wykonuj powoli i kontrolowanie — szybkość nie ma tutaj znaczenia.""]","[1,2,3,4,5,6,7]",true,2026-04-10 10:34:17.314743+00,athleticism,1
29918de5-0dbd-4d43-a6ae-bb015fea2e70,Finishing at the rim — wykończenie przy koszu,"Trafianie przy koszu mimo kontaktu i zmiany toru przez obrońców. Giannis, Embiid, Bam Adebayo — mistrzowie wykończenia przy obręczy używają dziesiątek różnych ruchów.",shooting_2pt,4,40,[],"[""Power layup: wejście z kontaktem, dwa mocne kroki, wybicie oburącz — 10 razy."",""Reverse layup: wchodzisz z prawej strony, obracasz się i kładziesz piłkę z lewej strony obręczy — 10 razy."",""Euro step: dwa kroki w prawo potem w lewo (lub odwrotnie) omijając obrońcę — 10 razy."",""Off-glass: kłaść piłkę o tablicę pod kątem — 5 razy z prawej, 5 z lewej."",""Contact finishing: poproś kogoś o lekki kontakt przy wejściu — przyzwyczaj się do kończenia mimo uderzenia."",""Kluczowe: nie bój się kontaktu — szukaj go, wymuszaj faule."",""Zawsze kończyj z zamkniętymi oczami przez tydzień — budujesz czucie pozycji.""]","[1,2,3,4,5,6,7]",true,2026-04-10 10:34:17.314743+00,shooting,1
29ca4b0c-c473-4859-a9c3-a080b0f1c089,Cone dribbling — slalom agility,Slalom przez 6-8 pachołków ustawionych w linii prostej co 1.5 metra. Ćwiczy zmianę kierunku z piłką w pełnym tempie — kluczowe przy obrońcy który blokuje drogę.,dribbling,3,20,[],"[""Ustaw 6 pachołków (lub butelki wody) w linii, co 1.5m."",""Wejdź w slalom prawą ręką — omijasz pachołki z prawej i lewej strony."",""Na powrocie: lewa ręka."",""Kolejny przebieg: crossover przy każdym pachołku."",""Kolejny przebieg: between the legs przy każdym pachołku."",""Kolejny przebieg: jak najszybciej możesz, dowolne ruchy."",""Wykonaj 20 pełnych przejazdów (tam i z powrotem = 2)."",""Mierz czas — śledź postęp co tydzień.""]","[1,2,3,4,5,6,7]",true,2026-04-10 10:34:17.314743+00,dribbling,1
2ba19883-98a5-4535-b279-58317c3bf5c7,Jump rope — skakanka NBA,"Skakanka to sekret kondycji wielu zawodników NBA — Kobe Bryant zaczynał każdy trening od 10 minut skakanki. Buduje koordynację stóp, kondycję sercowo-naczyniową i rytm skoku.",fitness,2,300,[],"[""Dwunożne skoki: podstawowy rytm, 100 skoków bez potknięcia — zacznij tutaj."",""Naprzemienne nogi: jak bieg w miejscu ze skakanką — 100 skoków."",""High knees: kolana wysoko przy każdym skoku — 50 skoków."",""Double unders: skakanka dwa razy pod stopami przy jednym skoku — trudne, zacznij od 10."",""Boks step: nogi rozstawione na boki przy każdym skoku — 50 skoków."",""Tempo: zacznij wolno przez tydzień, potem przyspieszaj."",""Cel na 3 miesiące: 5 minut ciągłego skakania bez potknięcia.""]","[1,2,3,4,5,6,7]",true,2026-04-10 10:34:17.314743+00,athleticism,1
30e5da79-a77b-4ce7-aa15-d420fc9391fb,Rozciąganie statyczne,Regeneracja mięśni po treningu.,fitness,1,,[],"[""Rozciąganie czworogłowego – 30s każda noga."",""Rozciąganie łydek przy ścianie – 30s."",""Skłony do podłogi – 60 sekund."",""Rozciąganie klatki piersiowej – 30s.""]","[1,2,3,4,5,6,7]",true,2026-04-11 19:44:42.761361+00,recovery,1
326aaf15-f1de-4b6f-9480-e9eeb6fbf0a1,Lateral quickness — obrona i poruszanie się,Szybkość boczna to fundament obrony i ofensywy. Steph Curry jest niesamowity nie tylko przez rzuty — jego lateral movement pozwala mu uciekać spod obrony na pieszych screenach.,fitness,3,60,[],"[""Defensive shuffle: w obrończej postawie (nisko) — shuffle w prawo 5 kroków, wróć — 15 razy."",""Icky shuffle przez drabinkę (lub wyobrażoną): szybkie naprzemienne wkładanie nóg."",""T-drill: sprint prosto 5m, w prawo 5m, w lewo 10m, w prawo 5m, z powrotem — 5 razy."",""Close-out drill: sprint do obrońcy, zatrzymanie w obrończej postawie na 1m — 10 razy."",""Lateral hurdle hops: przeskakiwanie boczne nad przeszkodą (10cm) — 20 razy każda strona."",""Mirror drill z partnerem: jeden się rusza, drugi odbija jak lustro — 5x po 30 sekund."",""Mierz czas T-drilla co tydzień — cel poniżej 10 sekund.""]","[1,2,3,4,5,6,7]",true,2026-04-10 10:34:17.314743+00,athleticism,1
36718a6e-eae7-4f44-90a1-119134f5d51f,Trójki z narożnika,Klasyczne trójki z prawego i lewego narożnika boiska. Skup się na powtarzalności gestu.,shooting_3pt,2,150,[],"[""Ustaw się w narożniku linii trójpunktowej."",""Przyjmij niskie ustawienie – nogi szeroko, kolana ugięte."",""Weź 5 oddechów i skupia się na tarczy."",""Wykonaj 150 rzutów: 75 z prawej, 75 z lewej."",""Zapisuj każdy rzut w aplikacji.""]","[1,3,5]",true,2026-04-08 23:24:01.943235+00,shooting,1
42a4199f-a1e0-4bdf-8594-6a3a334e31b7,Rozciąganie dynamiczne,Rozgrzewka i mobilność przed treningiem.,fitness,1,,[],"[""Krążenia biodrami – 10 w każdą stronę."",""Wykroki z rotacją tułowia – 10 na nogę."",""Skoki na skakance – 3 minuty."",""Dynamiczne wymachy nóg – 15 na nogę.""]","[1,2,3,4,5,6,7]",true,2026-04-11 19:44:42.761361+00,conditioning,1
46313ac3-2689-4328-9899-e977aa7a0539,Ballhandling — seria iso moves,"Izolacja 1 na 1 — ruchy do tworzenia sobie przestrzeni na rzut lub wejście. Curry, Kyrie, Harden — każdy ma swoją serię 5-6 ruchów które ćwiczy tysiące razy. Czas żebyś miał swoje.",dribbling,4,60,[],"[""Hesitation + crossover: kozłujesz w prawo, zatrzymanie (obrońca się prostuje), szybki crossover w lewo i drive."",""Double crossover: crossover prawo-lewo-prawo w szybkiej sekwencji, potem drive."",""In & out: symulacja crossovera — piłka jedzie w bok ale wraca do tej samej ręki, obrońca się myli."",""Stutter step + pull-up: szybkie tupnięcie nogami (obrońca skacze), zatrzymanie i rzut."",""Każdy ruch: 15 powtórzeń w prawo, 15 w lewo = 30 per ruch, 2 ruchy = 60 total."",""Wyobraź sobie konkretnego obrońcę — to zwiększa intensywność treningu.""]","[1,2,3,4,5,6,7]",true,2026-04-10 10:34:17.314743+00,dribbling,1
49cf5b07-5725-4e41-91e5-fb7c0b6d9cdc,Odżywianie sportowe — meal prep,"Jedzenie to paliwo. Zawodnik NBA spala 3000-4000 kalorii dziennie. Złe odżywianie niszczy trening — brak energii, wolna regeneracja, słaba koncentracja. Dziś zaplanuj jedzenie na następny tydzień.",fitness,1,1,[],"[""Śniadanie (2h przed treningiem): owsianka z bananem i orzechami, jajka, tost pełnoziarnisty."",""Pre-workout (30-60 min przed): banan lub daktyle — szybkie węglowodany bez obciążenia."",""Post-workout (w ciągu 30 min): białko + węglowodany — kurczak z ryżem, shake białkowy z bananem."",""Nawodnienie: 2.5-3 litry wody dziennie. W dniu treningu — więcej."",""Unikaj: fast food w dniu treningu, napoje słodzone, słodycze — spike glukozy = crash energii."",""Zdrowe przekąski: jabłko z masłem orzechowym, orzechy, jogurt grecki, hummus z warzywami."",""Zapisz co jadłeś dziś — po miesiącu zobaczysz korelację między jedzeniem a energią na treningu.""]","[1,2,3,4,5,6,7]",true,2026-04-10 10:46:19.566857+00,athleticism,2
505fe119-f983-4725-99a1-d3432cfc27ae,Suicide sprints — bieganie liniami,"Klasyczny test NBA Draft Combine — suicides. Bieg do linii rzutów wolnych i z powrotem, do połowy i z powrotem, do drugiej linii rzutów wolnych i z powrotem, do drugiego końca i z powrotem. Mierzy kondycję i wolę walki.",fitness,5,10,[],"[""Start na linii końcowej, sprint do linii rzutów wolnych (6m) i z powrotem."",""Bez zatrzymania — sprint do połowy boiska (14m) i z powrotem."",""Sprint do drugiej linii rzutów wolnych (22m) i z powrotem."",""Sprint do drugiego końca boiska (28m) i z powrotem."",""To jest 1 suicide = łącznie ok. 140 metrów."",""Odpoczynek: 90 sekund między każdym suicide."",""Cel: 10 suicides poniżej 30 sekund każdy."",""Mierz czas każdego — powinny być podobne, nie drastycznie wolniejsze.""]","[1,2,3,4,5,6,7]",true,2026-04-10 10:34:17.314743+00,athleticism,1
50ed3770-246a-4daa-8957-43a700c2fe8a,Trójki off dribble,Trójki po wyjściu z kozłowania. Trudniejsza wersja rzutów statycznych.,shooting_3pt,3,100,[],"[""Zacznij z piłką na obwodzie."",""Jeden krok do przodu → stop → rzut."",""Skup się na zatrzymaniu ciała przed rzutem."",""100 rzutów z różnych pozycji.""]","[2,4,6]",true,2026-04-08 23:24:01.943235+00,shooting,1
5a10970e-7cf7-43e0-a2cd-bc60a7b693ab,Sen i rutyna wieczorna,"Sen to najważniejszy element recovery — ważniejszy niż suplementy, masaże i lód razem wzięte. LeBron śpi 10-12 godzin. Matthew Walker w książce ""Why We Sleep"" udowodnił że niedobór snu dosłownie niszczy zdolności atletyczne.",fitness,1,1,[],"[""Godzina 21:00 — ostatni posiłek (lekki, bez cukru)."",""Godzina 21:30 — koniec ekranów (telefon, komputer, TV). Niebieskie światło blokuje melatoninę."",""Godzina 21:30-22:00 — rutyna wieczorna: prysznic, stretching 10 minut, zapisz w dzienniku jutrzejszy trening."",""Godzina 22:00 — czytanie książki (papierowej) przez 30 minut."",""Temperatura pokoju: 18-20°C — optymalna dla snu."",""Zaciemnij pokój całkowicie — każde światło obniża jakość snu."",""Cel: 9 godzin w łóżku, 8 godzin snu. Dla nastoletnich sportowców — minimum."",""Jutro wstań bez budzika jeśli możesz — twoje ciało wie kiedy skończyło regenerację.""]","[1,2,3,4,5,6,7]",true,2026-04-10 10:46:19.566857+00,athleticism,3
5e24da7a-998d-4ab3-82f8-4a540faf0d5b,One hand ball control,"Seria ćwiczeń kontroli piłki jedną ręką w miejscu — buduje czucie piłki (feel) które widzisz u Kyrie Irvinga. On dosłownie ""rozmawia"" z piłką.",dribbling,2,100,[],"[""Figure 8 wokół nóg: piłka w kółko wokół obu nóg, naprzemiennie ręce."",""Around one leg: piłka krąży tylko wokół prawej nogi, 20x, potem lewej."",""Low dribble statyczny: jak najniżej do ziemi, jak najszybciej, 30 sekund każda ręka."",""Fingertip control: kozłuj tylko opuszkami palców, bez całej dłoni."",""Rhythm dribbling: rytmiczne wzorce — 2 kozłowania prawa, 2 lewa, przyspiesz."",""Wall ball: rzucaj o ścianę i łap jedną ręką — 20 razy prawą, 20 lewą."",""Łącznie 100 powtórzeń różnych ćwiczeń.""]","[1,2,3,4,5,6,7]",true,2026-04-10 10:34:17.314743+00,dribbling,1
5fa93238-2bb6-4b77-a99b-6ff1fcffc330,Grip & wrist strength,"Siła uchwytu i nadgarstków bezpośrednio wpływa na kontrolę piłki, siłę rzutu i odbiorów. LeBron ma uścisk dłoni silniejszy od przeciętnego zawodnika NFL.",fitness,1,100,[],"[""Finger pushups: push-up na opuszkach palców — buduje siłę chwytu. 3 x do upadku."",""Towel pull-ups: zawieś ręcznik na drążku, trzymaj za oba końce i wciągaj się — 5 razy."",""Wrist curls: siedząc, nadgarstki na kolanach, zginaj z hantlem lub butelką wody — 20 razy."",""Reverse wrist curls: to samo ale zginasz w górę — 20 razy."",""Piłka do ściskania: ściskaj piłkę tenisową rytmicznie — 30 sekund każda ręka."",""Fingertip wall press: stój przy ścianie, opierasz się tylko na opuszkach palców — 30 sekund."",""Łącznie 100 powtórzeń różnych ćwiczeń — codziennie, nawet w dni bez treningu głównego.""]","[1,2,3,4,5,6,7]",true,2026-04-10 10:34:17.314743+00,athleticism,1
617e63a9-b2be-4c29-b9b3-9255a2fcb36f,Pressure dribbling — obrona w twoją stronę,"Symulacja presji obrońcy — partner lub trener aktywnie przeszkadza, ty musisz utrzymać kozłowanie i znaleźć wyjście. Bez partnera: ćwicz przy ścianie lub z obciążnikami na rękach.",dribbling,5,10,[],"[""Jeśli masz partnera: on kładzie ręce na piłkę przy każdym kozłowaniu — ty bronisz ciałem."",""Bez partnera: ćwicz blisko ściany — ściana to \""obrońca\"" z jednej strony."",""Zadanie 1: utrzymaj kozłowanie przez 30 sekund pod presją."",""Zadanie 2: przejdź z punktu A do B (10m) mimo przeszkadzania."",""Zadanie 3: stwórz sobie przestrzeń na rzut — użyj ruchu i pochyl się."",""Klucz: chroń piłkę ciałem, ramię między piłką a obrońcą."",""10 rundek po 30 sekund z 15-sekundową przerwą.""]","[1,2,3,4,5,6,7]",true,2026-04-10 10:34:17.314743+00,dribbling,1
628e98c5-d0c6-440c-9b78-8a304f89fedc,Explosive first step — wybuchowy pierwszy krok,"Pierwszy krok to czy pokonasz obrońcę. Westbrook, Derrick Rose mieli zabójczy pierwszy krok. To ćwiczenie buduje eksplozywność szybkich włókien mięśniowych.",fitness,4,30,[],"[""Start z pozycji trójpunktowej (jedna ręka na ziemi) — sprint 5m, zatrzymanie. 10 razy."",""Jab step + drive: z pozycji ofensywnej, atak piętą (jab) i natychmiastowy sprint w drugą stronę — 10 razy."",""Reaction start: stoisz, partner krzyczy kierunek, eksploduj — 10 razy."",""Zig-zag sprint: co 3m zmiana kierunku o 45° — całe boisko i z powrotem."",""Kluczowe: każdy start musi być MAKSYMALNY wysiłek — nie 70%, zawsze 100%."",""Odpoczynek 45 sekund między powtórzeniami — regeneracja siły eksplozywnej."",""Jeśli czujesz zmęczenie przed powtórzeniem — dłuższy odpoczynek, jakość > ilość.""]","[1,2,3,4,5,6,7]",true,2026-04-10 10:34:17.314743+00,athleticism,1
63752e92-9cf7-469d-bddc-99730c6b7f5a,Dwójki ze środka,Rzuty z półdystansu – pozycja 45°. Buduje fundament techniki.,shooting_2pt,1,100,[],"[""Stań w połowie odległości do kosza, pod kątem 45°."",""Skupiaj się na wysokim łuku rzutu."",""Wykonaj 100 rzutów alternując stronę po 25."",""Odpoczywaj 30 sekund co 25 rzutów.""]","[1,2,3,4,5,6,7]",true,2026-04-08 23:24:01.943235+00,shooting,1
68f2db46-4100-42c5-997f-0169779af829,Analiza video — oglądaj NBA z głową,"Najszybszy sposób na naukę koszykówki to oglądanie najlepszych na świecie — ale z analizą, nie rozrywką. Jason Kidd oglądał 4 godziny video dziennie. Ty dziś 30 minut z konkretnymi zadaniami.",fitness,1,1,[],"[""Wybierz jednego zawodnika na swojej pozycji — śledź go przez całą grę."",""Zadanie 1: obserwuj jego stopy gdy nie ma piłki. Gdzie się ustawia? Jak się porusza?"",""Zadanie 2: obserwuj jego oczy z piłką — gdzie patrzy przed oddaniem podania?"",""Zadanie 3: wybierz 3 jego akcje ofensywne — spróbuj zrozumieć dlaczego zadziałały."",""Polecane kanały YouTube: \""Thinking Basketball\"", \""BBall Breakdown\"", \""The Jump\""."",""Notuj: zapisz 2-3 rzeczy które chcesz jutro ćwiczyć na boisku."",""Unikaj: highlights bez kontekstu. Oglądaj pełne mecze lub film study, nie tylko dunki.""]","[1,2,3,4,5,6,7]",true,2026-04-10 10:46:19.566857+00,athleticism,3
723cbda2-5400-42b8-8710-a0ff58350ceb,Off-the-dribble trójka,"Najtrudniejszy rzut w koszykówce — trójka tworzona samodzielnie z dryblingu. Curry, Lillard, Trae Young używają go jako primary weapon. Wymaga lat praktyki.",shooting_3pt,5,40,[],"[""Zacznij z piłką przed łukiem, obrońca (wyobrażony) broni cię."",""Dribbling w prawo lub lewo — change of pace, zmiana rytmu."",""Gwałtowne wycofanie krokiem (step-back) za łuk."",""Lądowanie na obu stopach jednocześnie za łukiem."",""Natychmiastowy rzut z pozycji lądowania."",""Klucz: wycofanie musi być duże — minimum 50cm poza łuk."",""Ćwicz step-back w prawo i w lewo z równą częstotliwością.""]","[1,2,3,4,5,6,7]",true,2026-04-10 10:34:17.314743+00,shooting,1
7f801392-8b8a-44dc-8e3e-f95b547dd3bc,Resistance band training,"Gumy oporowe to sprzęt używany przez NBA teams — lekkie, wszechstronne, idealne do ćwiczeń charakterystycznych dla koszykówki. Możesz je zabrać wszędzie.",fitness,2,40,[],"[""Lateral band walks: guma wokół kolan, chód boczny w obrończej postawie — 15 kroków każda strona."",""Monster walk: guma wokół kostek, kroki do przodu i w tył krzyżując nogi — 10 razy."",""Standing row: guma przywiązana do słupka, ciągnij do klatki — 15 razy każda ręka."",""Pallof press: guma z boku, trzymaj przed klatką, nie daj się obrócić — 10 razy każda strona."",""Band pull-apart: trzymaj gumę przed sobą na szerokość barków, rozciągnij do klatki — 20 razy."",""Tricep pushdown: guma nad głową, zginaj w łokciu — 15 razy każda ręka."",""Guma to nie \""łatwy\"" trening — przy wolnym ruchu mięsień pracuje przez cały zakres ruchu.""]","[1,2,3,4,5,6,7]",true,2026-04-10 10:34:17.314743+00,athleticism,1
7f86b650-560b-4086-b498-04fc59d1d7be,Weak hand challenge — tylko lewa,Całe 15 minut tylko lewa ręka. Twoja słaba ręka to twój największy wróg w meczu — obrońcy o tym wiedzą i odpychają cię w tę stronę. LeBron poświęcił całe lato na lewą rękę. Czas na ciebie.,dribbling,3,150,[],"[""Stać w miejscu: kozłuj lewą ręką przez 3 minuty bez przerwy — niskie kozłowanie."",""Ruch w przód i tył: z lewą ręką, bez crossovera."",""Crossover z lewej do prawej i z powrotem — ale inicjujesz lewą."",""Wejście pod kosz lewą ręką i layup lewą ręką."",""Between the legs zaczynając od lewej ręki."",""Na koniec: 10 sprintów przez całe boisko kozłując tylko lewą."",""To boli i jest niekomfortowe — to znaczy że dobrze pracujesz.""]","[1,2,3,4,5,6,7]",true,2026-04-10 10:34:17.314743+00,dribbling,1
84c8f763-2f17-4a99-a8b1-bd0c8315b8b9,Full court sprint intervals,"Sprint przez całe boisko z aktywną przerwą. Symuluje rytm meczu — intensywny atak, powolny powrót, znowu intensywny atak. Twoje serce i nogi muszą tego nauczyć.",fitness,4,20,[],"[""Sprint: maksymalne tempo przez całe boisko (28m) — dosłownie 100% wysiłek."",""Powrót: trucht z powrotem — to aktywny odpoczynek, nie pauza."",""Powtórz 20 razy."",""Pierwsze 5: poczujesz się świetnie. Kolejne 5: robi się ciężko. Ostatnie 10: tu budujesz kondycję."",""Utrzymuj technikę biegu nawet gdy jesteś zmęczony — pochylona sylwetka, pompowanie ramion."",""Po sesji: natychmiastowe 5 minut spokojnego marszu — nie siadaj od razu."",""Nawodnienie: pij 500ml wody 30 minut przed, pij małymi łykami w przerwach.""]","[1,2,3,4,5,6,7]",true,2026-04-10 10:34:17.314743+00,athleticism,1
87f3fa5d-3977-41e7-b045-037423092b2a,Trójki — stałe pozycje,"Rzuty z pięciu stałych pozycji za łukiem — corner left, wing left, top of the key, wing right, corner right. To najważniejsze lokalizacje w nowoczesnej NBA. Po 10 rzutów z każdej pozycji. Nie spiesz się — każdy rzut ma być identyczny jak poprzedni. Jakość ponad ilość.",shooting_3pt,3,50,[],"[""Zacznij od lewego cornera — stój 30cm za łukiem, prostopadle do tablicy."",""Przyjmij podanie (lub sam rzuć piłkę w górę symulując podanie) w gotowej pozycji."",""Stopy ustawione przed przyjęciem piłki — nie ustawiaj się po złapaniu."",""Jeden płynny ruch — catch & shoot bez zatrzymania."",""Po 10 rzutach z cornera przejdź na wing, potem top, potem prawy wing, prawy corner."",""Notuj wynik z każdej pozycji — zobaczysz gdzie masz słabości."",""Słaba pozycja = następnym razem więcej czasu tam.""]","[1,2,3,4,5,6,7]",true,2026-04-10 10:34:17.314743+00,shooting,1
8a61687e-a9dd-4b14-96a2-93525d746494,Medytacja i koncentracja — 10 minut,"Phil Jackson wprowadził medytację mindfulness do Chicago Bulls — efekt: 6 mistrzostw NBA. Kobe, Jordan, Shaq — wszyscy medytowali. 10 minut dziennie redukuje kortyzol (hormon stresu) i poprawia koncentrację na boisku.",fitness,1,1,[],"[""Usiądź wygodnie — krzesło lub podłoga, plecy proste ale nie spięte."",""Ustaw timer na 10 minut."",""Zamknij oczy. Skupienie: oddech. Wdech 4 sekundy, wydech 6 sekund."",""Gdy pojawi się myśl (a pojawi się) — zauważ ją, nie oceniaj, wróć do oddechu."",""Po 5 minutach: wizualizacja. Wyobraź siebie na boisku — jeden ruch który chcesz poprawić. Wykonujesz go perfekcyjnie, 10 razy w głowie."",""Ostatnie 2 minuty: wdzięczność. Pomyśl o 3 rzeczach za które jesteś wdzięczny w swojej koszykarskiej drodze."",""Aplikacje pomocne: Headspace, Calm, Waking Up (wszystkie mają wersje free).""]","[1,2,3,4,5,6,7]",true,2026-04-10 10:46:19.566857+00,athleticism,3
8f2b0208-859f-4cd9-b50c-a1e208f8cad9,Masaż lodem — ice bath lub ice pack,"Kąpiele lodowe są standardem w NBA recovery rooms. Jeśli nie masz wanny z lodem — okłady lodowe na kolana, kostki i ramiona po intensywnym treningu. Redukuje obrzęki i mikrourazy.",fitness,2,1,[],"[""Wersja pełna (ice bath): wanna z lodowatą wodą 10-15°C, 10-12 minut. Działa najlepiej."",""Wersja dostępna: wiaderko z zimną wodą i lodem, wstaw nogi i kostki na 10 minut."",""Wersja minimum: okłady lodowe (ręcznik z lodem) na bolące miejsca — 15 minut."",""Najważniejsze miejsca: kostki, kolana, łydki — tu zawodnicy doznają urazów najczęściej."",""Timing: 30-60 minut po treningu, nie bezpośrednio po."",""Po lodzie: 10 minut w normalnej temperaturze — ciało samo się rozgrzeje."",""Kontraindikacje: nie stosuj przy otwartych ranach lub przy chorobie z gorączką.""]","[1,2,3,4,5,6,7]",true,2026-04-10 10:46:19.566857+00,athleticism,3
93343720-fc0c-4752-916d-dc1a984c1530,Foam rolling — rozluźnienie mięśni,Foam rolling (automasaż wałkiem) to obowiązkowy element recovery w NBA. Rozbija zrosty mięśniowe (trigger points) które powstają po intensywnym treningu. Zawodnicy NBA spędzają 20-30 minut dziennie na rollingu.,fitness,1,1,[],"[""Łydki: roluj od kostki do podkolanówki — 60 sekund każda noga."",""IT band (boczna część uda): od biodra do kolana — 60 sekund każda strona."",""Uda przód (quady): leżysz na brzuchu, wałek pod udami — 60 sekund."",""Plecy górne: wałek pod łopatkami, ręce za głową — 60 sekund."",""Pośladki: siedź na wałku, skrzyżuj jedną nogę — 30 sekund każda strona."",""Na bolesnym miejscu: zatrzymaj się i oddychaj przez ból — 20-30 sekund."",""Nigdy nie rolluj bezpośrednio na stawie kolanowym ani lędźwiowym kręgosłupie.""]","[1,2,3,4,5,6,7]",true,2026-04-10 10:46:19.566857+00,athleticism,3
98184693-786a-424f-8dd9-db9f290968c9,Free throw ritual — rutyna koncentracji,"Wielcy strzelcy wolnych mają niezmienną rutynę — te same ruchy, w tej samej kolejności, zawsze. Dirk Nowitzki, Ray Allen, Steve Nash. Rutyna eliminuje myśli i oddaje ciału kontrolę.",shooting_ft,1,50,[],"[""Krok 1: podejdź do linii, trzy głębokie oddechy — dosłownie trzy, policz."",""Krok 2: dwa kozłowania piłką — nie jeden, nie trzy, zawsze dwa."",""Krok 3: spin piłki w rękach — poczuj szwy, ustaw je pod palcami."",""Krok 4: wzrok na przednim obręczu — jeden punkt koncentracji, nie cały kosz."",""Krok 5: zegnij kolana, weź zamach i rzuć — ten sam ruch co zawsze."",""Ćwicz rutynę 50 razy — każdy rzut identyczny proces, nie tylko ruch ale i myśli."",""W meczu pod presją: rutyna to kotwica — ona mówi twojemu ciału \""to znasz\"".""]","[1,2,3,4,5,6,7]",true,2026-04-10 10:34:17.314743+00,shooting,1
a1b1a2b4-fab4-44ee-b3dd-b0d9fa1dfc50,Reactive agility — ćwiczenia reakcji,"Prawdziwy sport to reakcja, nie zaplanowane ruchy. Tu trenujemy odpowiedź na nieoczekiwany bodziec — jak obrońca który zmienia kierunek albo podanie które zmienia tor.",fitness,4,20,[],"[""Ball drop drill: partner trzyma piłkę na wysokości bioder i puszcza bez ostrzeżenia — ty łapiesz zanim odbije drugi raz. 10 razy."",""Color/number reaction: partner mówi liczbę (1=sprint, 2=cofnij, 3=w lewo, 4=w prawo) — reagujesz natychmiast. 10 rund po 20 sekund."",""Shadow drill: partner wykonuje ruchy, ty odbijasz z opóźnieniem maksymalnie 0.5s. 3 minuty."",""Kluczowe: musisz być zrelaksowany żeby być szybki — napięty zawodnik jest wolniejszy."",""Oddychaj rytmicznie w gotowej pozycji — nie wstrzymuj oddechu."",""Po każdej rundzie: shake out nogi i ramiona — reset napięcia mięśniowego.""]","[1,2,3,4,5,6,7]",true,2026-04-10 10:34:17.314743+00,athleticism,1
a7112f80-58fd-4eb3-83c9-029118597964,Speed & agility ladder,"Praca nóg przez drabinkę koordynacyjną. Szybkość kroków, koordynacja nóg, rytm — wszystko czego używasz przy crossoverach, obronach i zmianach kierunku.",fitness,3,30,[],"[""Icky shuffle: naprzemiennie wkładasz jedną nogę w okienko drabinki — 5 przebiegów."",""Two in two out: oboje stóp do środka, oboje na zewnątrz — 5 przebiegów."",""Lateral shuffle: boczne kroki przez całą drabinkę — 5 razy w prawo, 5 w lewo."",""Single leg hop: jeden skok na jednej nodze w każde okienko — 3 razy prawa, 3 lewa."",""High knees through ladder: kolana wysoko, szybkie stopy — 5 przebiegów."",""Jeśli nie masz drabinki: narysuj kredy lub taśmą 10 prostokątów 50x50cm."",""Łącznie 30 przebiegów różnymi wzorami — to 15-20 minut intensywnej pracy.""]","[1,2,3,4,5,6,7]",true,2026-04-10 10:34:17.314743+00,athleticism,1
a9fcba49-2147-44aa-9c08-97f53e607eff,Screen setting & using,"Dobry screen to najważniejsza rzecz jaką możesz robić dla drużyny gdy nie masz piłki. Dillon Brooks, PJ Tucker — zawodnicy słabsi technicznie ale świetni w screenach grają w NBA przez lata.",fitness,2,20,[],"[""Pozycja do screena: szeroka podstawa, kolana ugięte, ręce złożone przed klatką — nieruchomy blok."",""Ustaw screen w ruch zawodnika, nie przed nim — timing jest kluczowy."",""Używanie screena: podbiegnij blisko do screena — im bliżej tym trudniej obrońcy przejść."",""Read the defense po screenie: flat (prosty), flare (w bok), curl (zawinięcie za screenera)."",""Ćwicz każdy wariant 5 razy w obie strony."",""Backspin po screenie: po ustawieniu — obróć się przodem do piłki natychmiast."",""Komunikacja: krzycz \""screen!\"" zanim ustawisz — daj czas partnerowi na reakcję.""]","[1,2,3,4,5,6,7]",true,2026-04-10 10:34:17.314743+00,athleticism,1
ab70a7ff-844b-4215-9737-332c4a053288,Mental toughness — hart ducha,Najtrudniejszy trening na liście — bo nie ma tu ćwiczeń fizycznych. To praca z głową. Kobe Bryant mawiał że gra toczy się między uszami zanim jeszcze wyjdziesz na boisko.,fitness,3,1,[],"[""Visualizacja (10 minut): zamknij oczy, odtwórz w głowie mecz. Widzisz siebie wykonującym każdy ruch perfekcyjnie — rzut, drybling, obronę. Szczegóły: słyszysz buty na parkiecie, czujesz piłkę."",""Dziennik sportowy: napisz 3 rzeczy które dzisiaj zrobiłeś dobrze i 1 którą poprawisz jutro."",""Cold exposure (opcjonalnie): 30 sekund zimnego prysznica po treningu — buduje tolerancję dyskomfortu."",""Affirmacje: powiedz na głos 3 razy: \""Jestem zawodnikiem NBA. Pracuję ciężej niż moja konkurencja. Każdy trening przybliża mnie do celu.\"""",""Review: obejrzyj 10 minut highlights twojego ulubionego zawodnika — z nastawieniem analitycznym, nie fanowskim. Co robi swoimi nogami? Jak trzyma piłkę?"",""To nie jest opcjonalne — mental game decyduje o karierze bardziej niż talent fizyczny.""]","[1,2,3,4,5,6,7]",true,2026-04-10 10:34:17.314743+00,athleticism,1
ac83f6a2-0e2a-4c79-9b5c-6321d2a70861,17s — NBA conditioning test,Oficjalny test kondycji NBA — 17 biegów z końca do końca boiska w czasie 60 sekund z 25-sekundowymi przerwami. Używany w preseason przez wszystkie drużyny NBA.,fitness,5,17,[],"[""Jedno \""17\"" = bieg z linii końcowej do linii końcowej i z powrotem."",""Masz 60 sekund żeby wykonać jeden bieg."",""Przerwa: 25 sekund."",""Powtarzasz 17 razy."",""Łącznie: ok. 30 minut intensywnej pracy."",""Cel zawodowego koszykarza: każdy bieg poniżej 35 sekund."",""Cel nastoletniego: zacznij od 10 razy, dodawaj 1-2 co tydzień."",""Jeśli nie masz boiska: 28m tam i z powrotem na bieżni lub ulicy.""]","[1,2,3,4,5,6,7]",true,2026-04-10 10:34:17.314743+00,athleticism,1
afc3f1ca-74bc-4678-b3f0-31caafee6d46,Passing & vision — kreowanie gry,"Najlepsi rozgrywający widzą boisko 2 sekundy przed innymi. LeBron, Magic, Luka — ich asysty to efekt tysięcy godzin ćwiczenia podań i czytania pozycji. Nawet jeśli nie jesteś rozgrywającym — dobre podania wyróżniają zawodników.",fitness,3,50,[],"[""Chest pass: 15 podań do ściany z 4 metrów — skupienie na rotacji piłki i sile."",""Bounce pass: 15 podań o podłogę — piłka powinna odbić się na wysokości bioder odbiorcy."",""Overhead pass: 10 podań zza głowy — używasz do podania przez obrońcę."",""No-look pass: patrz w lewo, podaj w prawo — 10 razy (potrzebujesz partnera lub ściany)."",""Pocket pass: niskie, szybkie podanie do gracza przy koszu — 10 razy."",""Kluczowe przy każdym podaniu: celuj w ręce odbiorcy, nie w klatkę piersiową."",""Ćwicz podania ze słabej ręki — twoja lewa ręka podaje tyle samo co prawa.""]","[1,2,3,4,5,6,7]",true,2026-04-10 10:34:17.314743+00,athleticism,1
b48c52c8-4247-4012-a52f-596d6a820391,Podstawowe kozłowanie — 5 ruchów,"Seria pięciu fundamentalnych ruchów dryblingu wykonywana w miejscu. Codzienne 10 minut tej sesji przez rok zbuduje ci ręce które reagują automatycznie — bez myślenia. Tak ćwiczyli Magic, Stockton, Chris Paul.",dribbling,1,200,[],"[""Crossover: piłka z prawej do lewej ręki przed ciałem — niski, szybki, agresywny."",""Between the legs: kozłowanie między nogami naprzemiennie — prawa-lewa."",""Behind the back: piłka za plecami z jednej ręki do drugiej."",""Hesitation: normalny drybling, nagłe zatrzymanie piłki na sekundę, potem kontynuacja."",""Spin move: obrót o 360° z piłką przy nodze, zmiana ręki."",""Każdy ruch: 40 powtórzeń (20 w każdą stronę) — razem 200."",""Tempo: zacznij wolno (3 tygodnie), potem przyspieszaj co tydzień.""]","[1,2,3,4,5,6,7]",true,2026-04-10 10:34:17.314743+00,dribbling,1
c241f602-0001-49d4-830f-891bfdc71eda,Lower body explosion — siła nóg,"Potęga nóg to fundament wszystkiego w koszykówce. Wszystkie skoki, sprinty, zmiany kierunku — nogi. Najsilniejsze nogi w NBA należą do Ziona Williamson i Giannis Antetokounmpo.",fitness,4,50,[],"[""Bodyweight squats: 20 przysiadów, kolana nad palcami stóp, uda do 90°."",""Jump squats: przysiad i eksplozja w górę, miękkie lądowanie — 15 razy."",""Bulgarian split squats: tylna noga na ławce, przednia noga w przysiadzie — 10 razy każda."",""Glute bridges: leżysz, unosisz biodra — 20 razy. Wersja trudna: jednonóż."",""Calf raises: wspięcia na palce — 3 x 20. Wersja trudna: na jednej nodze z krawędzi schodka."",""Wall sit: 3 x 45 sekund — uda równoległe do podłogi, plecy przy ścianie."",""Kluczowe: nie ignoruj single-leg ćwiczeń — kosynmetria nóg zapobiega urazom.""]","[1,2,3,4,5,6,7]",true,2026-04-10 10:34:17.314743+00,athleticism,1
c77b12de-b011-4fdd-8320-3278b9556cab,Footwork — mamba mentality,"Praca nóg Koby Bryanta. Pivot, jab step, rip through — trzy ruchy które dawały mu wolny rzut z każdej pozycji na boisku. Zawodnicy NBA mówią że footwork to podstawa wszystkiego.",fitness,3,40,[],"[""Pivot na stopie: przyjmij pozycję, obracaj się na lewej stopie — pełne 360°, 10 razy. Potem prawa."",""Jab step series: jab w prawo, jab w lewo, jab i crossover, jab i drive — po 8 każdy."",""Drop step: tyłem do kosza, pivot i drop step pod kosz po prawej — 10 razy. Potem lewa."",""Rip through: obrońca ręce w górę, ty przesuwasz piłkę pod jego rękami — 10 razy."",""Up & under: symulacja rzutu, obrońca skacze, ty wchodzisz pod niego — 10 razy."",""Ćwicz każdy ruch bardzo powoli najpierw — mózg musi zakodować ruch zanim przyspieszy."",""Technika > prędkość na tym etapie nauki.""]","[1,2,3,4,5,6,7]",true,2026-04-10 10:34:17.314743+00,athleticism,1
cb4d5efc-21fc-481d-8447-eb76b0937ad8,Stretching dynamiczny — poranny rytuał,"Stretching dynamiczny rano aktywuje mięśnie, poprawia ruchomość stawów i przygotowuje ciało do treningu. W przeciwieństwie do statycznego — nie osłabia mięśni przed wysiłkiem.",fitness,1,1,[],"[""Leg swings przód-tył: trzymaj się ściany, machaj nogą jak wahadło — 15 razy każda."",""Leg swings boczne: w bok i przez środek — 15 razy każda noga."",""Hip circles: ręce na biodrach, wielkie kółka biodrami — 10 w każdą stronę."",""Arm circles: kółka ramionami, małe i duże — 10 w każdą stronę."",""Torso twists: ręce wyciągnięte, skręcaj tułów w obie strony — 15 razy."",""Squat to stand: przysiad, wyprostuj nogi trzymając stopy, wróć — 10 razy."",""Walking lunges: 10 kroków wykrokiem w przód."",""Całość: 8-10 minut. Rób to PRZED każdym treningiem, nie po.""]","[1,2,3,4,5,6,7]",true,2026-04-10 10:46:19.566857+00,athleticism,1
cb9bc498-083d-4db2-a505-b00c5d044a1a,Active recovery — stretching i mobilność,Nie ma postępu bez regeneracji. Zawodnicy NBA spędzają tyle samo czasu na recovery co na treningu. Stretching po każdej sesji to inwestycja w zdrowe stawy i długą karierę.,fitness,1,1,[],"[""Quad stretch: stój na jednej nodze, złap drugą za kostkę — 30 sekund każda."",""Hip flexor lunge: kolano na ziemi, wypchaj biodra do przodu — 30 sekund każda strona."",""Hamstring stretch: noga prosta, pochyl się — 30 sekund każda."",""Ankle circles: 10 kółek każdą stopą w obie strony — zapobieganie skręceniu."",""Shoulder cross-body: ramię przez klatkę, drugie ramię pociąga — 30 sekund każde."",""Thoracic rotation: kolana złożone w bok, obracaj górę ciała — 10 razy każda strona."",""Zakończ: 5 minut spokojnego leżenia, głębokie oddychanie przeponowe."",""To jest trening — nie omijaj go bo \""nie czujesz się zmęczony po\"".""]","[1,2,3,4,5,6,7]",true,2026-04-10 10:34:17.314743+00,athleticism,1
cbd4dde1-c5e1-467d-927d-ef3690461661,Upper body — siła górnej połowy,"Siła rąk, barków i klatki piersiowej przekłada się bezpośrednio na siłę rzutu, odporność na kontakt i walki o piłkę. Każdy zawodnik NBA ma siłownię jako obowiązkowy element tygodnia.",fitness,3,60,[],"[""Push-ups: 4 serie do upadku mięśniowego — standard, nie ściągaj."",""Diamond push-ups: ręce w trójkąt pod klatką — obciąża triceps bardziej — 3 serie x 10."",""Pike push-ups: biodra wysoko, głowa między ramionami — imituje overhead press — 3 x 8."",""Dips: na krześle lub ławce — 3 x 12."",""Plank to push-up: z planku na rękach do planku na łokciach, naprzemiennie — 10 razy."",""Odpoczynek: 90 sekund między seriami."",""Progresja: gdy 4 serie push-ups nie są wyzwaniem — zacznij z obciążeniem na plecach.""]","[1,2,3,4,5,6,7]",true,2026-04-10 10:34:17.314743+00,athleticism,1
d1e78efd-04c1-4d62-894a-980136951936,Dziennik sportowca — refleksja,"Pisanie dziennika to narzędzie używane przez elitę sportu i biznesu. Michael Jordan, Tim Duncan, Kobe Bryant prowadzili dzienniki. Badania pokazują że refleksja pisemna przyspiesza naukę o 25%.",fitness,1,1,[],"[""Weź zeszyt — fizyczny, nie aplikację. Pisanie ręczne angażuje inaczej mózg."",""Pytanie 1: Co dziś zrobiłem dobrze na treningu? (minimum 3 rzeczy — zawsze znajdziesz)"",""Pytanie 2: Co było najtrudniejsze? Co dokładnie sprawia mi trudność?"",""Pytanie 3: Jaki jeden konkretny element poprawię jutro?"",""Pytanie 4: Jak się czuję fizycznie? (skala 1-10) i mentalnie? (skala 1-10)"",""Pytanie 5: Czy mój cel długoterminowy (NBA) wciąż mi świeci? Co zrobiłem dziś w jego kierunku?"",""Czas: 10-15 minut. Nie mniej. Pisz szczerze — to tylko dla ciebie.""]","[1,2,3,4,5,6,7]",true,2026-04-10 10:46:19.566857+00,athleticism,3
d36b230f-91ef-4787-8349-b114b6322687,Catch & shoot — corner three,"Corner three to najlepszy rzut w NBA — krótszy łuk, dobry kąt do tablicy. Wyspecjalizowani strzelcy z cornera zarabiają miliony. Catch & shoot z gotowej pozycji — minimum czasu od złapania do oddania rzutu.",shooting_3pt,3,60,[],"[""Stój w lewym lub prawym narożniku, 30-50cm za łukiem."",""Bądź w gotowej pozycji ZANIM dostaniesz piłkę — kolana lekko ugięte."",""Rzuć piłkę do siebie pod kątem symulującym podanie z niskiego postu."",""Złap z gotowymi stopami — nie przestawiaj nóg po złapaniu."",""Natychmiastowy rzut — catch and release w jednym płynnym ruchu."",""Twoim wrogiem jest zbędny drybling przed rzutem — eliminuj go."",""Po 30 rzutach z lewego cornera, 30 z prawego.""]","[1,2,3,4,5,6,7]",true,2026-04-10 10:34:17.314743+00,shooting,1
d7aa5df8-4984-4ee5-bef0-16f51627cfe0,Czytanie o koszykówce — 30 minut,"LeBron James czyta codziennie. Kobe Bryant studiował filozofię zen i książki o przywództwie. Czytanie buduje mental, słownictwo taktyczne i perspektywę której nie daje trening fizyczny. Dziś 30 minut — jedna z tych pozycji.",fitness,1,1,[],"[""Opcja 1: \""The Mamba Mentality\"" — Kobe Bryant o swojej filozofii treningowej."",""Opcja 2: \""The Last Dance\"" (książka) — Jordan, dyscyplina, presja."",""Opcja 3: \""Inner Game of Tennis\"" Timothy Gallwey — o koncentracji (działa dla każdego sportu)."",""Opcja 4: \""Atomic Habits\"" James Clear — budowanie nawyków treningowych."",""Opcja 5: artykuły taktyczne na basketball-reference.com lub NBA.com/stats."",""Podczas czytania: miej notes obok. Zapisuj 1-2 rzeczy które możesz zastosować."",""Cel: 30 minut bez telefonu, bez przerw — pełna koncentracja.""]","[1,2,3,4,5,6,7]",true,2026-04-10 10:46:19.566857+00,athleticism,3
e1e5cef4-be10-424f-bc81-6383ef1c1466,Dribbling w ruchu — full court,"Kozłowanie na całym boisku — 20 długości. Każda długość innym ruchem. To buduje kontrolę piłki w tempie gry, nie w miejscu. Widzisz boisko, kozłujesz bez patrzenia na piłkę.",dribbling,2,20,[],"[""Długość 1-2: prawa ręka, szybkie kozłowanie — jak najszybciej przez całe boisko."",""Długość 3-4: lewa ręka, szybkie kozłowanie — lewa jest słabsza, pracuj nad nią."",""Długość 5-6: crossover co 3 kozłowania — rytmicznie."",""Długość 7-8: between the legs co 2 kozłowania."",""Długość 9-10: spider dribble — naprzemiennie przed i za nogami."",""Długości 11-20: powtórz sekwencję, tym razem szybciej."",""NIE patrz na piłkę — wzrok przed siebie, jak w meczu.""]","[1,2,3,4,5,6,7]",true,2026-04-10 10:34:17.314743+00,dribbling,1
e69a1574-cb56-47f5-8c76-dc51b2c55429,Pull-up jumper — 2pt z dryblingu,"Najtrudniejszy rzut w repertuarze — zatrzymanie się i oddanie dwójki z dryblingu. Używany przez Lillarda, Harden, Mitchella w kluczowych momentach. Wymaga synchronizacji nóg, bioder i ramion po ruchu.",shooting_2pt,4,60,[],"[""Zacznij z piłką na obwodzie, twarzą do kosza."",""Dwa kroki agresywnego dryblingu w kierunku kosza — buduj pęd."",""Gwałtowne zatrzymanie na dwóch stopach jednocześnie (jumpstop)."",""Kolana głęboko zgięte przy zatrzymaniu — absorbuj energię."",""Natychmiastowy skok w górę z tej pozycji — bez dodatkowego przygotowania."",""W powietrzu stabilizujesz piłkę i wykonujesz rzut na szczycie skoku."",""Ćwicz z obu stron i z prostej.""]","[1,2,3,4,5,6,7]",true,2026-04-10 10:34:17.314743+00,shooting,1
ec32024c-da6f-4511-8102-af3e51a3bc2a,Foam Rolling,Automasaż rollerem. Przyspiesza regenerację.,fitness,1,,[],"[""Rolluj łydki – 60s każda."",""Rolluj uda z przodu – 60s każda noga."",""Rolluj plecy – 90s."",""Rolluj biodra i pośladki – 60s każda strona.""]","[1,2,3,4,5,6,7]",true,2026-04-11 19:44:42.761361+00,recovery,1
ef156a49-903a-4f38-89bd-e962852e5630,Oddech i wizualizacja,Trening mentalny. Tak samo ważny jak fizyczny.,fitness,1,,[],"[""Usiądź w ciszy na 10 minut."",""Oddychaj: 4s wdech, 4s zatrzymanie, 4s wydech."",""Wizualizuj swoje najlepsze zagrania."",""Wyobraź sobie jutrzejszy trening w szczegółach.""]","[1,2,3,4,5,6,7]",true,2026-04-11 19:44:42.761361+00,recovery,1
f0b89fef-c835-42ba-8585-5aee465e0323,Vertical jump — trening skoczności,Program skoczności oparty na metodzie plyometrycznej — tej samej co używają trenerzy NBA. Zyon Williamson skakał 45 cali. Każdy centymetr skoku to tysiące powtórzeń. To jest ten trening.,fitness,4,50,[],"[""Box jumps: skocz na skrzynkę (40-60cm), wróć schodząc nie skacząc — 10 razy."",""Depth jumps: zeskocz ze skrzynki, natychmiast skocz jak najwyżej — 8 razy."",""Squat jumps: przysiad do 90°, eksploduj w górę, miękkkie lądowanie — 10 razy."",""Single leg hops: 5 skoków na prawej nodze, 5 na lewej — jak daleko/wysoko."",""Rim jumps: skakaj pod tablicą i dotykaj obręczy lub jak najwyżej — 10 razy."",""Calf raises ze skokiem: wspięcie na palce i natychmiastowy wyskok — 7 razy."",""Pełny odpoczynek 2 minuty między seriami — to ćwiczenie siłowe, nie cardio.""]","[1,2,3,4,5,6,7]",true,2026-04-10 10:34:17.314743+00,athleticism,1
f3c5e020-7836-4c60-b5fc-0446cd1b1625,Wolne — seria 100,"Fundament każdego koszykarza NBA. Curry trafia ponad 90% wolnych — to nie talent, to tysiące godzin powtórzeń. Wolne rzuty to jedyna sytuacja w koszykówce gdzie masz pełną kontrolę — zero obrońcy, zero presji czasu. Wyrabiasz tutaj powtarzalny, mechaniczny ruch który działa też pod presją w meczu.",shooting_ft,2,100,[],"[""Stań dokładnie w centrum linii rzutów wolnych, stopy na szerokość bioder."",""Piłka spoczywa na opuszkach palców, nie na dłoni — czujesz każdy panel."",""Kolano rzucającej nogi lekko zgięte, łokieć pod piłką tworzy kąt 90°."",""Weź głęboki oddech, skoncentruj wzrok na przednim obręczu."",""Płynny ruch w górę — prostuj kolana i łokieć jednocześnie."",""Zakończ z \""gęsią szyją\"" — ręka opuszczona do przodu, palce wskazują kosz."",""Utrzymaj pozycję follow-through przez 2 sekundy."",""Rób serie po 10, notuj ile trafiasz z każdej serii.""]","[1,2,3,4,5,6,7]",true,2026-04-10 10:34:17.314743+00,shooting,1
f70c7802-9985-4715-baeb-f46100a4382d,Zimny prysznic — cold exposure,"Zimna woda po treningu redukuje stan zapalny w mięśniach, przyspiesza regenerację i buduje tolerancję dyskomfortu — tę samą która pomaga w 4. kwarcie gdy jesteś zmęczony. Wim Hof, LeBron James i Ja Morant stosują cold therapy regularnie.",fitness,2,1,[],"[""Zaraz po treningu — pod prysznicem."",""Zacznij ciepło przez 2 minuty (rozgrzewka)."",""Przekręć na zimno — tak zimno jak możesz."",""Pierwsze 30 sekund: będziesz chciał uciec. Nie uciekaj. Oddychaj powoli."",""Cel po 4 tygodniach: 2 minuty zimnej wody."",""Cel po 8 tygodniach: 3 minuty zimnej wody."",""Jeśli to za trudne na start: naprzemiennie 30s ciepło, 30s zimno — 5 razy."",""Nigdy zimny prysznic przed treningiem siłowym — zmniejsza hipertrofię mięśni.""]","[1,2,3,4,5,6,7]",true,2026-04-10 10:46:19.566857+00,athleticism,3
ffd83af0-3da4-45c5-afc0-5ba6f1fdc534,Floater — rzut łyżeczką,"Broń do walki z wysokimi obrońcami. Tony Parker i Trae Young zbudowali kariery na tym rzucie. Wykonywany w ruchu, z bliska, z wysokim łukiem który przechodzi nad wyciągniętymi rękami. Wymaga niezwykłego wyczucia.",shooting_2pt,5,40,[],"[""Zacznij na skrzydle z piłką, drive w stronę kosza."",""Jeden lub dwa kroki wejścia pod kosz — nie zatrzymujesz się."",""Na ostatnim kroku wybij się na jednej nodze (jak do layupu)."",""Piłka wyrzucona jedną ręką z wysokim łukiem — cel: górna część tablicy lub przedni obręcz."",""Kluczowe: miękki dotyk, piłka \""odpływa\"" z palców a nie jest pchnięta."",""Ćwicz z prawej i lewej strony."",""Wizualizuj wysokiego obrońcę — rzuć piłkę wyżej niż myślisz że trzeba.""]","[1,2,3,4,5,6,7]",true,2026-04-10 10:34:17.314743+00,shooting,1